M,N,K,TFLOPs,Time (ms)
128,128,128,0.665714,0.011469ms
256,256,256,2.64857,0.010354ms
512,512,512,10.61406,0.020587ms
768,768,768,19.70172,0.063382ms
1024,1024,1024,29.57064,0.094382ms
2048,2048,2048,108.3148,0.418362ms
3072,3072,3072,108.2876,0.736155ms
4096,4096,4096,109.013,2.224445ms
5120,5120,5120,101.55547,5.228686ms
6144,6144,6144,112.82055,6.008755ms
7168,7168,7168,101.45628,7.188560ms