M,N,K,TFLOPs,Time (ms)
128,128,128,0.646133,0.007681ms
256,256,256,2.58079,0.013002ms
512,512,512,10.69589,0.019089ms
768,768,768,17.64991,0.058429ms
1024,1024,1024,26.72124,0.089507ms
2048,2048,2048,108.13109,0.332861ms
3072,3072,3072,108.01749,0.531955ms
4096,4096,4096,117.57802,1.836546ms
5120,5120,5120,116.85541,4.656826ms
6144,6144,6144,109.74046,5.816755ms
7168,7168,7168,109.13968,6.968260ms