M,N,K,TFLOPs,Time (ms)
128,128,128,0.693846,0.007649ms
256,256,256,2.9384,0.017310ms
512,512,512,16.8164,0.019381ms
768,768,768,18.62014,0.050995ms
1024,1024,1024,27.00039,0.106766ms
2048,2048,2048,109.29463,0.248365ms
3072,3072,3072,119.45735,0.430922ms
4096,4096,4096,129.76157,1.519655ms
5120,5120,5120,117.18485,3.361355ms
6144,6144,6144,119.05729,4.213677ms
7168,7168,7168,118.29812,6.165588ms