dataset,M,N,K,TFLOPs,Time (ms)
cora,2708,16,1433,2.57016,0.049086ms
citeseer,3327,16,3703,2.856993,0.160022ms
pubmed,19717,16,500,4.8506,0.081928ms
ppi,56944,16,50,8.63915,0.012723ms
amazon0505,410236,16,96,7.30794,0.159787ms
artist,50515,16,100,6.21115,0.026686ms
com-amazon,334863,16,96,7.08268,0.146384ms
soc-BlogCatalog,88784,16,128,6.89269,0.059714ms
amazon0601,403394,16,96,7.96642,0.167757ms
DD,334925,16,89,6.35697,0.148061ms
TWITTER-Real-Graph-Partial,580768,16,1323,6.85942,3.569072ms