M,N,K,GFLOPs,Time (ms)
128,128,128,561.096,0.074752ms
256,256,256,2608.07,0.128656ms
512,512,512,6718.41,0.199552ms
1024,1024,1024,6721.51,0.219494ms
2048,2048,2048,8143.37,2.10968ms
