M,N,K,GFLOPs,Time (ms)
128,128,128,365.714,0.114688ms
256,256,256,1656.26,0.202592ms
512,512,512,6628.95,0.214944ms
1024,1024,1024,9601.93,0.223651ms
2048,2048,2048,11331.8,2.51607ms
