M,N,K,GFLOPs,Time (ms)
128,128,128,415.838,0.100864ms
256,256,256,1944.33,0.122576ms
512,512,512,6816.96,0.193776ms
1024,1024,1024,7026.33,0.205634ms
2048,2048,2048,9295.51,1.84819ms
